<?xml version="1.0" encoding="utf-8"?><feed xmlns="http://www.w3.org/2005/Atom" ><generator uri="https://jekyllrb.com/" version="4.3.4">Jekyll</generator><link href="http://localhost:4000/feed.xml" rel="self" type="application/atom+xml" /><link href="http://localhost:4000/" rel="alternate" type="text/html" /><updated>2024-11-22T23:53:50-05:00</updated><id>http://localhost:4000/feed.xml</id><title type="html">Projet de Science des Données par l’Equipe 10</title><subtitle>Je teste la description. Bienvenue sur ce blog dédié à la création et à l&apos;évolution  de notre projet portant sur le Hockey sur glace ! Notre équipe est constituée de membres on fire, j&apos;ai nommé Thierry, Yassine, Hicham et Vincent ! Write an awesome description for your new site here. You can edit this line in _config.yml. It will appear in your document head meta (for Google search results) and in your feed.xml site description.</subtitle><author><name>Equipe 10</name><email>votre-email@example.com</email></author><entry><title type="html">Milestone 2</title><link href="http://localhost:4000/milestones/2024/11/21/Milestone-2.html" rel="alternate" type="text/html" title="Milestone 2" /><published>2024-11-21T18:18:08-05:00</published><updated>2024-11-21T18:18:08-05:00</updated><id>http://localhost:4000/milestones/2024/11/21/Milestone-2</id><content type="html" xml:base="http://localhost:4000/milestones/2024/11/21/Milestone-2.html"><![CDATA[<p>Dans ce blog, nous explorons différentes méthodes de modélisation pour prédire les buts au hockey à partir de données de tirs. L’objectif est d’identifier les modèles les plus performants et de comprendre les caractéristiques les plus influentes dans ce processus. Nous suivons une approche méthodique en commençant par des modèles simples et en ajoutant progressivement des caractéristiques et des techniques avancées, comme l’optimisation des hyperparamètres et la sélection de caractéristiques.</p>

<p>Pour chaque étape, nous produisons des visualisations et analysons les performances des modèles à l’aide de courbes standard telles que la courbe ROC/AUC, le taux de buts par rapport au percentile de probabilité, la proportion cumulée de buts et la courbe de calibration. Ces analyses visent à fournir un aperçu complet de la capacité prédictive de chaque modèle.</p>

<p>Nous utilisons <strong>Weights &amp; Biases (Wandb)</strong> pour suivre nos expériences et enregistrer nos modèles, ce qui nous permet de documenter efficacement les résultats et de partager les liens vers les expériences avec précision.</p>

<hr />

<h2 id="partie-1--configuration-du-projet-wandb">Partie 1 : Configuration du projet Wandb</h2>

<p>Pour suivre et documenter nos expériences, nous avons configuré un projet dans <strong>Weights &amp; Biases (Wandb)</strong>. Ce projet servira de plateforme centrale pour enregistrer les métriques de performance, les hyperparamètres et les modèles générés à chaque étape.</p>

<p>Chaque expérience est associée à un run dans Wandb. Cela permettra de visualiser les courbes, les métriques, et les modèles enregistrés de manière interactive et accessible.</p>

<p>Vous pouvez explorer tous les run ici : <a href="https://wandb.ai/hicham-mazouzi-university-of-montreal/IFT6758.2024-A?nw=nwuserhichammazouzi">Lien vers le projet Wandb</a>.</p>

<hr />

<p>Dans les prochaines sections, nous décrivons les étapes suivies pour entraîner et comparer les modèles, en fournissant les résultats détaillés et les liens directs vers les expériences associées.</p>

<h2 id="partie-2--ingénierie-des-caractéristiques-i">Partie 2 : Ingénierie des caractéristiques I</h2>

<h3 id="analyse-des-caractéristiques--distance-et-angle">Analyse des caractéristiques : Distance et Angle</h3>

<h4 id="distribution-des-tirs-par-distance">Distribution des tirs par distance</h4>

<p>Le graphique ci-dessous présente la distribution des tirs en fonction de leur distance au filet, en distinguant les tirs réussis (buts) et les tirs manqués. Les tirs manqués (en bleu) constituent une majorité écrasante par rapport aux tirs réussis (en vert), quelle que soit la distance. Cela reflète une réalité bien connue du hockey : la difficulté de marquer un but augmente à mesure que la distance au filet grandit.</p>

<p><img src="images\fe1_histo_tir_par_distance.png" alt="Histogramme Tirs par Distance" /></p>

<p>En observant les barres, on constate que la majorité des tirs sont effectués à une distance relativement courte, généralement entre 10 et 30 pieds. Les tirs à courte distance ont également un pourcentage légèrement plus élevé de succès, bien que les buts restent une minorité même dans cette zone. En revanche, à mesure que la distance augmente, le nombre total de tirs diminue fortement, et les tirs réussis deviennent extrêmement rares au-delà de 50 pieds.</p>

<p>Cette analyse met en évidence l’importance de la proximité du filet pour maximiser les chances de marquer, tout en rappelant que d’autres facteurs comme l’angle, le type de tir et le contexte du jeu influencent également le succès.</p>

<h4 id="distribution-des-tirs-par-angle">Distribution des tirs par angle</h4>

<p>Le graphique suivant met en lumière l’impact de l’angle des tirs sur leur probabilité de succès.</p>

<p><img src="images\fe1_histo_tir_par_angle.png" alt="Histogramme Tir par angle" /></p>

<p>Nous observons que les tirs alignés avec l’axe central (autour de 0 degré) sont nettement plus fréquents et présentent une proportion plus élevée de buts. Cela peut être attribué à une meilleure perspective pour le joueur ainsi qu’à une réduction des interférences défensives. À l’inverse, les tirs effectués à des angles extrêmes, bien que rares, affichent des taux de réussite beaucoup plus faibles. Cette observation peut s’expliquer par des perspectives limitées et des opportunités de placement plus complexes.</p>

<h4 id="analyse-combinée--distance-et-angle">Analyse combinée : Distance et Angle</h4>

<p>La visualisation 2D suivante combine les dimensions de la distance et de l’angle pour illustrer la répartition des tirs réussis et ratés en fonction de leur position sur la patinoire.</p>

<p><img src="images\fe1_histo_2d_angle_distance.png" alt="Histogramme 2D" /></p>

<p>Les tirs proches du filet (distances inférieures à 20 pieds) montrent une densité nettement plus élevée de buts, représentés par une concentration de points orange. À mesure que la distance augmente, la proportion de tirs ratés (points bleus) devient prépondérante. Par ailleurs, les tirs réalisés à des angles proches de l’axe central (environ 0 degré) semblent avoir une probabilité de succès plus élevée. Ces résultats confirment que la proximité du filet et un alignement optimal influencent directement les chances de marquer.</p>

<h4 id="taux-de-réussite-des-buts-par-distance-et-angle">Taux de réussite des buts par distance et angle</h4>

<p>Le graphique suivant explore le taux de réussite des buts en fonction de la distance et de l’angle.</p>

<p><img src="images\fe1_histo_taux_angle_distance.png" alt="Histogramme Taux de but en fonction angle et distance" /></p>

<p>Concernant la distance, nous constatons une décroissance rapide du taux de réussite : les tirs effectués à moins de 10 pieds affichent un taux exceptionnellement élevé (plus de 25 %), tandis que les tirs réalisés au-delà de 40 pieds présentent des taux de réussite quasi négligeables. Du côté des angles, on observe une dynamique oscillante : les tirs proches de l’axe central (0 degré) ont le taux de réussite le plus élevé, suivis de pics secondaires autour de -25 et 25 degrés. À l’inverse, les angles extrêmes (supérieurs à ±75 degrés) montrent les taux les plus faibles.</p>

<p>Ces analyses renforcent l’idée que la proximité et l’alignement avec l’axe central du filet jouent un rôle crucial dans le succès des tirs.</p>

<h4 id="impact-des-filets-vides">Impact des filets vides</h4>

<p>Enfin, nous examinons comment la présence ou l’absence d’un gardien influence la répartition des buts.</p>

<p><img src="images\fe1_histo_but_distance.png" alt="Histogramme Buts par distance" /></p>

<p>Pour les filets vides, les buts sont relativement uniformément répartis quelle que soit la distance, bien que l’on observe un léger pic autour des 20 pieds. Cela montre que l’absence de gardien réduit considérablement l’impact de la distance sur la probabilité de succès. À l’inverse, pour les filets non vides, une forte concentration de buts est observée à des distances inférieures à 20 pieds. Au-delà de cette limite, la probabilité de succès diminue drastiquement, soulignant l’importance de la proximité pour surmonter la défense d’un gardien actif.</p>

<h4 id="conclusion">Conclusion</h4>

<p>Ces observations confirment que la distance et l’angle sont des caractéristiques essentielles pour comprendre la probabilité de succès des tirs au hockey. L’analyse met également en lumière l’importance du contexte, comme la présence d’un gardien ou les conditions du tir. Ces résultats guideront la sélection des caractéristiques et le développement de modèles prédictifs performants.</p>

<hr />
<h2 id="partie-3--modèles-de-base">Partie 3 : Modèles de base</h2>

<p>Dans cette troisième étape du Milestone, nous considérons les caractéristiques de distance et d’angle produites dans la section précédente afin de mettre en pratique et tester des modèles simples. L’objectif est de tester la performance des modèles de base afin d’avancer de nouveaux modèles, avec d’autres caractéristiques plus avancées.
Pour ce faire nous procédons de la manière suivante :</p>

<h3 id="31-question-1-évaluation-sur-lensemble-de-validation">3.1 Question 1 <em>Évaluation sur l’ensemble de validation</em></h3>

<p>En utilisant la caractéristique de distance seulement, cette étape consiste à créer une division d’entraînement et de validation et à entraîner un classificateur de régression logistique simple. Autrement dit, un classificateur de régression logistique avec des paramètres complètement par défaut : 
clf = LogisticRegression()
clf.fit(X, y)</p>

<p>Évaluation de la précision du modèle sur l’ensemble de validation :</p>

<p>Les résultats de ce premier modèle mettent en lumière un aspect important de nos données : 
Les métriques indiquent un problème grave avec votre modèle de régression logistique, probablement dû à un déséquilibre de classe. Bien que la précision soit élevée, à savoir 94,87 %, la précision, le rappel et le score F1 sont de 0,0, ce qui suggère que le modèle n’a pas réussi à faire de prédictions positives. L’une des explications pourrait découlée de l’existence d’une dépendance excessive à la prédiction de la classe majoritaire, due au déséquilibre de nos données (classes déséquilibrées). Bien que la précision soit élevée, elle est trompeuse, car elle reflète des prédictions correctes pour la classe majoritaire, et donc dominante seulement, mais pas pour l’autre classe qui s’avère être minoritaire. On se retrouve donc avec des résultats qui affirme que la caractéristique ‘distance’ est incapable de différencier les 2 classes en raison d’un biais des données à l’échelle de la classe regroupé par (‘is_goal=0’)</p>

<h3 id="32-questions-2-et-3---figures">3.2 Questions 2 et 3 - <em>figures</em></h3>

<p><strong>Figure 1 : Les courbes Receiver Operating Characteristic (ROC)</strong></p>

<p><img src="images\roc_base.png" alt="Courbes ROC des modèles de base" /></p>

<p>L’objectif de cette partie était de générer les courbes ROC de 3 modèles de classification par régression logistique, en considérant la distance, l’angle ainsi que la distance t l’angle ensemble. Comme base de comparaison, nous considérons une ligne de base aléatoire. On se retrouve finalement avec 4 modèles. Les valeurs AUC indiquent que les modèles de classification par régression logistique, fondés sur la distance et la distance et l’angle sont plus ou moins similaires et surperforment le modèle basé sur l’angle seulement. De même, les résultats de ce dernier (modèle logistique basé sur l’angle seulement) sont plus ou moins rapprochés a ceux de la ligne de base aléatoire.</p>

<p><strong>Figure 2 : Taux de buts comme une fonction du centile de la probabilité de tir du modèle</strong></p>

<p><img src="images\taux_de_but_base.png" alt="taux de buts comme une fonction du centile de la probabilité de tir donnée par le modèle de base" /></p>

<p>Le deuxième graphique représente le taux de buts réussis et ratés comme une fonction du centile de la probabilité de tir donnée par le modèle. Les courbes démontrent que pour les deux modèles ‘distance’ et ‘distance et angle’, les courbes sont croissantes, indiquant que les probabilités prédites correspondent bien aux taux de buts observés. Cela signifie que, contrairement au modèle 2, les modèles 1 et 3 sont capables de distinguer avec précision les tirs les plus susceptibles de se transformer en buts.</p>

<p><strong>Figure 3: Proportion cumulée de buts comme une fonction du centile de la probabilité de tir du modèle</strong></p>

<p><img src="images\cumulative_base.png" alt="Proportion cumulative de buts des modèles de base" /></p>

<p>Le graphique du taux de réussite des buts en fonction du centile de la probabilité de tir nous a permis d’identifier les zones de performance des modèles étudiés et d’évaluer leur précision. Les courbes des modèles 1 et 3 suivent une tendance croissante avec l’augmentation des centiles, ce qui signifie que ces modèles ont une bonne capacité de discrimination par rapport au modèle 2 qui possède une courbe non croissante qui se rapproche de la “ligne de base aléatoire”.</p>

<p><strong>Figure 4 : Diagramme de fiabilité</strong></p>

<p><img src="images\calibration_base.png" alt="Calibration (Courbe de fiabilité) modèles de base" /></p>

<p>Le diagramme de fiabilité nous permet d’élucider à quel degré les probabilités prédites correspondent aux taux réels de réussite. Pour nos modèles, on remarque que ceux-ci ne dévient pas par rapport à la diagonale, c’est-à-dire qu’ils sont bien calibrés. Toutefois, ceci n’est pas le cas pour la ligne de base aléatoire où est ce qu’on remarque que ce modèle tend à sous-estimer les probabilités, du fait que la courbe est située au-dessous de la diagonale.</p>

<hr />
<h2 id="partie-4--ajout-de-nouvelles-caractéristiques-liés-aux-évènements-précédents">Partie 4 : Ajout de nouvelles caractéristiques liés aux évènements précédents</h2>

<p>Dans cette partie, nous avons considéré de nouvelles caractéristiques, liés surtout aux évènements précédents. Nous considérons alors les caractéristiques suivantes :</p>
<ul>
  <li>Game seconds : les secondes de jeu</li>
  <li>Game period : la periode de jeu</li>
  <li>Les coorodnnées x et y</li>
  <li>Shot distance : la distance à laquelle le tir a été effectué</li>
  <li>Shot angle : l’angle du tir efectué par rapport au filet</li>
  <li>Last event type : le type de l’évènement précédent</li>
  <li>Les coordonnées de cet évènement précédent</li>
  <li>Le temps écoulé depuis le dernier évènement</li>
  <li>La distance effectuée depuis le dernier évènement</li>
  <li>Rebound : booléen qui renvoie Vrai si l’évnement précédent était un shot on goal, Faux sinon</li>
  <li>Angle change : le changement d’angle entre l’évènement et le précédent</li>
  <li>Speed : La vitesse, définie comme la distance depuis l’événement précédent, divisée par le temps écoulé depuis l’événement précédent.</li>
</ul>

<p>Ces caractéristiques vont nous permettre de définir si un tir est bel et bien un rebond. On ne peut pas considérer qu’un tir est un rebond si, par exemple,
c’est le premier tir d’une période. 
Nous avons aussi décidé de fixer une limite temporelle entre deux tirs afin d’épurer notre appellation “rebond”. Cette limite temporelle est de *** secondes.
Avec toutes ces nouvelles caractéristiques, nous pouvons alors donner un peu plus de contexte sur chacun des tirs.</p>

<hr />
<h3 id="exemple-de-match--winnipeg-versus-washington">Exemple de match : Winnipeg versus Washington</h3>

<p>Nous avons isolé un match en particulier : un match entre les Winnipeg Jets et les Washington Capitals. Pour ce match, nous avons créé une expérience sur wandb, en voici le lien : https://wandb.ai/hicham-mazouzi-university-of-montreal/IFT6758.2024-A/artifacts/dataset/wpg_v_wsh_2017021065</p>

<hr />
<h2 id="partie-5--modèles-avancés">Partie 5 : Modèles avancés</h2>

<h3 id="partie-51--baseline-xgboost-distance-et-angle">Partie 5.1 : Baseline XGBoost (Distance et Angle)</h3>

<p>Dans cette première étape, nous avons entraîné un modèle <strong>XGBoost baseline</strong> en utilisant uniquement les caractéristiques <code class="language-plaintext highlighter-rouge">shot_distance</code> et <code class="language-plaintext highlighter-rouge">shot_angle</code>. L’objectif était de comparer ses performances avec celles du modèle de <strong>régression logistique de référence</strong> présenté dans la partie 3.</p>

<p>Pour cela, nous avons créé une copie du jeu de données contenant uniquement les colonnes suivantes :</p>
<ul>
  <li><code class="language-plaintext highlighter-rouge">shot_distance</code> : la distance à laquelle le tir a été effectué</li>
  <li><code class="language-plaintext highlighter-rouge">shot_angle</code> : l’angle du tir effectué par rapport au filet</li>
  <li><code class="language-plaintext highlighter-rouge">is_goal</code> : notre variable cible</li>
</ul>

<p>Le modèle XGBoost baseline a obtenu une <strong>AUC de 0.715</strong>, ce qui représente une amélioration notable par rapport à la régression logistique de référence, dont l’AUC était de 0.691. Cette différence met en évidence la capacité de XGBoost à capturer des relations complexes, même avec des caractéristiques limitées et sans réglage des hyperparamètres.</p>

<h4 id="visualisations">Visualisations</h4>
<p>Voici les courbes associées à ce modèle baseline :</p>
<ul>
  <li>
    <p><strong>ROC/AUC</strong>
<img src="images\roc_5_1.png" alt="ROC Baseline XGBoost" /></p>
  </li>
  <li>
    <p><strong>Taux de buts vs percentile de probabilité</strong>
<img src="images\goal_rate_5_1.png" alt="Taux de Buts Baseline XGBoost" /></p>
  </li>
  <li>
    <p><strong>Proportion cumulée de buts vs percentile de probabilité</strong>
<img src="images\cumulative_goals__5_1.png" alt="Proportion Cumulée Baseline XGBoost" /></p>
  </li>
  <li>
    <p><strong>Courbe de calibration</strong>
<img src="images\calibration_5_1.png" alt="Calibration Baseline XGBoost" /></p>
  </li>
</ul>

<hr />

<h3 id="partie-52--xgboost-avec-toutes-les-caractéristiques">Partie 5.2 : XGBoost avec toutes les caractéristiques</h3>

<p>Dans cette étape, nous avons utilisé <strong>l’ensemble complet des caractéristiques créées dans la partie 4</strong> pour entraîner un modèle XGBoost. Avant de commencer l’entraînement, nous avons normalisé les données afin d’assurer une échelle cohérente entre les différentes caractéristiques, ce qui est particulièrement utile pour améliorer la stabilité des modèles complexes.</p>

<p>Nous avons ensuite effectué une recherche d’hyperparamètres en utilisant une validation croisée. Les hyperparamètres testés sont les suivants :</p>

<div class="language-python highlighter-rouge"><div class="highlight"><pre class="highlight"><code><span class="n">param_grid</span> <span class="o">=</span> <span class="p">{</span>
    <span class="sh">'</span><span class="s">n_estimators</span><span class="sh">'</span><span class="p">:</span> <span class="p">[</span><span class="mi">150</span><span class="p">,</span> <span class="mi">200</span><span class="p">,</span> <span class="mi">250</span><span class="p">,</span> <span class="mi">300</span><span class="p">],</span>
    <span class="sh">'</span><span class="s">learning_rate</span><span class="sh">'</span><span class="p">:</span> <span class="p">[</span><span class="mf">0.01</span><span class="p">,</span> <span class="mf">0.1</span><span class="p">,</span> <span class="mf">0.15</span><span class="p">,</span> <span class="mf">0.015</span><span class="p">],</span>
    <span class="sh">'</span><span class="s">max_depth</span><span class="sh">'</span><span class="p">:</span> <span class="p">[</span><span class="mi">7</span><span class="p">,</span> <span class="mi">10</span><span class="p">,</span> <span class="mi">15</span><span class="p">],</span>
    <span class="sh">'</span><span class="s">subsample</span><span class="sh">'</span><span class="p">:</span> <span class="p">[</span><span class="mf">0.9</span><span class="p">,</span> <span class="mf">0.7</span><span class="p">,</span> <span class="mf">1.0</span><span class="p">]</span>
<span class="p">}</span>
</code></pre></div></div>
<p>Après une exploration exhaustive de ces combinaisons, les meilleurs hyperparamètres trouvés sont :</p>
<div class="language-python highlighter-rouge"><div class="highlight"><pre class="highlight"><code><span class="n">Best</span> <span class="n">Hyperparameters</span><span class="p">:</span> <span class="p">{</span><span class="sh">'</span><span class="s">learning_rate</span><span class="sh">'</span><span class="p">:</span> <span class="mf">0.1</span><span class="p">,</span> <span class="sh">'</span><span class="s">max_depth</span><span class="sh">'</span><span class="p">:</span> <span class="mi">7</span><span class="p">,</span> <span class="sh">'</span><span class="s">n_estimators</span><span class="sh">'</span><span class="p">:</span> <span class="mi">150</span><span class="p">,</span> <span class="sh">'</span><span class="s">subsample</span><span class="sh">'</span><span class="p">:</span> <span class="mf">1.0</span><span class="p">}</span>
</code></pre></div></div>
<p>Avec cet enrichissement des données et l’optimisation des hyperparamètres, le modèle XGBoost a atteint une AUC de 0.783, une amélioration significative par rapport au modèle baseline (0.715). Ce gain confirme l’importance des nouvelles caractéristiques et du réglage précis des hyperparamètres pour maximiser les performances du modèle.</p>

<h4 id="visualisations-1">Visualisations</h4>
<p>Les courbes associées à ce modèle optimisé sont les suivantes :</p>
<ul>
  <li>
    <p><strong>ROC/AUC</strong>
<img src="images\roc_5_2.png" alt="ROC XGBoost Optimisé" /></p>
  </li>
  <li>
    <p><strong>Taux de buts vs percentile de probabilité</strong>
<img src="images\goal_rate_5_2.png" alt="Taux de Buts XGBoost Optimisé" /></p>
  </li>
  <li>
    <p><strong>Proportion cumulée de buts vs percentile de probabilité</strong>
<img src="images\cumulative_goals_5_2.png" alt="Proportion Cumulée XGBoost Optimisé" /></p>
  </li>
  <li>
    <p><strong>Courbe de calibration</strong>
<img src="images\calibration_5_2.png" alt="Calibration XGBoost Optimisé" /></p>
  </li>
</ul>

<hr />

<h3 id="partie-53--sélection-de-caractéristiques-avec-rfe">Partie 5.3 : Sélection de caractéristiques avec RFE</h3>

<p>Dans cette partie, nous avons exploré trois techniques différentes de sélection de caractéristiques pour réduire la complexité du modèle tout en maintenant des performances élevées. Les techniques évaluées sont :</p>

<ol>
  <li><strong>SelectKBest</strong> : Cette méthode sélectionne les caractéristiques les plus importantes en se basant sur une métrique statistique comme la corrélation ou le chi-carré.</li>
  <li><strong>SHAP (SHapley Additive exPlanations)</strong> : Cette technique attribue une importance aux caractéristiques en fonction de leur contribution aux prédictions du modèle.</li>
  <li><strong>RFE (Recursive Feature Elimination)</strong> : Cette méthode élimine itérativement les caractéristiques les moins pertinentes, en utilisant les performances du modèle pour identifier un sous-ensemble optimal.</li>
</ol>

<p>Parmi les trois techniques de sélection de caractéristiques explorées, RFE s’est démarquée avec une AUC de 0.783 et une précision de 93.1%, égalant les performances du modèle complet tout en simplifiant sa structure. SHAP a obtenu une AUC légèrement inférieure de 0.768 et une précision de 93.0%, offrant un bon équilibre entre réduction et performance. En revanche, SelectKBest a montré les résultats les plus faibles, avec une AUC de 0.757 et une précision de 93.0%, suggérant qu’elle n’identifie pas aussi efficacement les caractéristiques essentielles.</p>

<p>Comparé au XGBoost de la partie 2 (AUC de 0.783), le modèle basé sur RFE atteint la même AUC de 0.783, mais avec un modèle simplifié grâce à l’élimination des caractéristiques redondantes. Cette réduction de complexité offre un avantage en termes d’efficacité et d’interprétabilité, tout en conservant des performances identiques.</p>

<h4 id="visualisations-2">Visualisations</h4>
<p>Les courbes générées pour le modèle basé sur RFE sont les suivantes :</p>
<ul>
  <li>
    <p><strong>ROC/AUC</strong>
<img src="images\roc_5_3.png" alt="ROC XGBoost RFE" /></p>
  </li>
  <li>
    <p><strong>Taux de buts vs percentile de probabilité</strong>
<img src="images\goal_rate_5_3.png" alt="Taux de Buts XGBoost RFE" /></p>
  </li>
  <li>
    <p><strong>Proportion cumulée de buts vs percentile de probabilité</strong>
<img src="images\cumulative_goals__5_3.png" alt="Proportion Cumulée XGBoost RFE" /></p>
  </li>
  <li>
    <p><strong>Courbe de calibration</strong>
<img src="images\calibration_5_3.png" alt="Calibration XGBoost RFE" /></p>
  </li>
</ul>

<hr />

<h3 id="conclusion-1">Conclusion</h3>

<p>Les résultats obtenus mettent en lumière l’efficacité des modèles XGBoost dans la prédiction des buts au hockey :</p>
<ol>
  <li>Le <strong>baseline XGBoost (distance et angle)</strong> surpasse la régression logistique de référence (AUC : 0.715 vs 0.691).</li>
  <li>L’ajout de nouvelles caractéristiques et le réglage des hyperparamètres permettent d’atteindre une <strong>AUC de 0.783</strong>.</li>
  <li>La technique RFE permet de simplifier le modèle sans perte de performance, conservant une <strong>AUC de 0.783</strong> tout en réduisant les dimensions du jeu de données.</li>
</ol>

<p>Ces résultats confirment que l’utilisation de techniques avancées, comme l’optimisation des hyperparamètres et la sélection de caractéristiques, contribue à la construction de modèles robustes et interprétables. Les expériences associées et leurs visualisations sont accessibles dans <a href="https://wandb.ai/hicham-mazouzi-university-of-montreal/IFT6758.2024-A?nw=nwuserhichammazouzi">Wandb</a>.</p>

<h1 id="6-tentatives-de-plusieurs-modèles">6. Tentatives de plusieurs modèles</h1>

<p>Dans cette section, nous explorons une variété de modèles. Bien entendu, l’objectif n’étant pas de proposer un modèle idéal et optimisé en fonction de nos données, nous nous efforçons à tester plusieurs modèles afin de d’explorer les divers apports de chacun, ainsi que ses failles.</p>

<p><strong>Arbre de décision</strong></p>

<p>Pour ce faire, nous commençons par un arbre de décision, ou est-ce qu’une recherche aléatoire (‘RandomizedSearchCV’) fut favorisée afin d’optimiser les hyperparamètres du modèle. Par la suite, en raison du déséquilibre des classes, nous optons pour SMOTE afin de contrer le déséquilibre de nos données.</p>

<p>La mise en parallèle du premier modèle et celui utilisant SMOTE met en évidence l’impact du traitement du déséquilibre de classes. Bien que le modèle initial (optimisation des hyperparamètres) atteint une ‘accuracy’ de 94,75 % et une précision de 47,93 %, celui-ci ne permet pas d’identifier efficacement la classe minoritaire, avec un rappel de seulement 2,51 % et un F1-score de 4,77 %. 
Après l’application de SMOTE, l’exactitude diminue à 80,21 %, reflétant le changement du modèle, en raison d’une prise en considération de la classe minoritaire. Le rappel s’est considérablement amélioré, passant de 2,51% à 47,20 %, ce qui indique que le modèle identifie désormais beaucoup plus de vrais positifs. 
Toutefois, la précision a diminué à 12,83 %, et avec un F1-score plus bas de 20,17 %, nous concluons l’existence d’un compromis entre la précision et le rappel. Autrement dit, bien que les résultats démontrent que SMOTE améliore la capacité du modèle à détecter la classe minoritaire, ceci est atteint au détriment de la précision (tradeoff précision/rappel). 
Les 4 figures générées pour les modèles de base furent de même générées pour l’arbre de décision:</p>

<p><strong>Figure 1 : Les 4 figures d’évaluations tel que définit auparavant</strong>
<img src="images\roc_tree.png" alt="Courbes ROC de l'arbre de décision" />
<img src="images\taux_de_but_tree.png" alt="taux de buts comme une fonction du centile de la probabilité de tir donnée par l'arbre de décision" />
<img src="images\cumulative_tree.png" alt="Proportion cumulative de buts de l'arbre de décision" />
<img src="images\calibration_tree.png" alt="Calibration (Courbe de fiabilité) arbre de décision" /></p>

<p><strong>LightGBM</strong>
Dans la même trajetoire, nous avons considérons “LightGBM”, un modèle performant pour les grands ensembles de données , en raison des caractéristiques du ‘Gradient-Based One-Side Sampling’ et du ‘Exclusive Feature Bundling’, optimisant vitesse et mémoire. Le modèle s’adapte bien aux données déséquilibrées, ce qui est le cas de nos données. 
Dans ca cadre, nous avons opté pour Dla stratégie de sélection de caractéristiques suivante : lgb.plot_importance(clf, importance_type=”gain”)
Cette stratégie nous permet de définir l’importance des caractéristiques en les évaluant en terme de gain moyen lorsque chaque caractérsitique est incluse dans les arbres de décision.
D’après les résultats, avec une ‘accuracy’ de 0.9498, une précision de 0,6392 et un score auc de 0.8388, ces score reflètent une capacité de discrimination efficace (toujours avec une marge d’amélioration)
Voici les 4 figures d’évaluation tel que les autres modèles:</p>

<p><strong>Figure 2 : Les 4 figures d’évaluations tel que définit auparavant</strong>
<img src="images\roc_lightgbm.png" alt="Courbes ROC de LightGBM" />
<img src="images\taux_de_but_lightgbm.png" alt="taux de buts comme une fonction du centile de la probabilité de tir donnée par LightGBM" />
<img src="images\cumulative_lightgbm.png" alt="Proportion cumulative de buts de LightGBM" />
<img src="images\calibration_lightgbm.png" alt="Calibration (Courbe de fiabilité) LightGBM" /></p>

<p><strong>TabNet</strong></p>

<p>TabNet est un modèle de deep learning spécifiquement conçu pour traiter des données tabulaires. Sa structure unique intègre des mécanismes d’interprétabilité avancés tout en permettant une gestion efficace des données déséquilibrées. Pour entraîner notre modèle TabNet, nous avons utilisé les hyperparamètres suivants : un taux d’apprentissage initial de 0.02, une réduction du taux d’apprentissage tous les 10 epochs d’un facteur de 0.9 via un scheduler, et une régularisation basée sur le masque <code class="language-plaintext highlighter-rouge">sparsemax</code>. De plus, nous avons évalué le modèle sur les métriques AUC, précision et logloss tout au long de l’entraînement.</p>

<p>Les résultats obtenus pour TabNet sont prometteurs, avec une <strong>AUC de 0.833</strong> et une <strong>précision de 93.1%</strong>, plaçant ce modèle parmi les plus performants testés dans cette section. Voici les figures générées pour ce modèle :</p>

<p><strong>Figure 3 : Les 4 figures d’évaluations pour TabNet</strong>
<img src="images\roc_tabnet.png" alt="Courbes ROC de TabNet" />
<img src="images\goal_rate_tabnet.png" alt="Taux de buts comme une fonction du centile de la probabilité de tir donnée par TabNet" />
<img src="images\cumulative_goals_tabnet.png" alt="Proportion cumulative de buts de TabNet" />
<img src="images\calibration_tabnet.png" alt="Calibration (Courbe de fiabilité) TabNet" /></p>

<h3 id="conclusion-2">Conclusion</h3>

<p>Au terme de cette section, plusieurs modèles ont été explorés pour évaluer leur efficacité dans la prédiction des buts. Chaque approche a apporté des perspectives uniques, tant sur le plan des performances que sur celui des méthodes utilisées.</p>

<p>Parmi les modèles testés :</p>
<ul>
  <li><strong>TabNet</strong> a offert des résultats solides, avec une <strong>AUC de 0.833</strong> et une précision de <strong>93.1%</strong>, tout en proposant des mécanismes d’interprétabilité avancés adaptés aux données tabulaires.</li>
  <li><strong>LightGBM</strong> s’est démarqué comme le modèle le plus performant, avec une <strong>AUC de 0.838</strong> et une précision de <strong>94.98%</strong>, combinant rapidité et efficacité, en particulier grâce à ses techniques d’échantillonnage et de bundling de caractéristiques.</li>
  <li>D’autres modèles, comme l’arbre de décision avec SMOTE, ont mis en lumière l’importance de la gestion des classes déséquilibrées pour améliorer la détection des vrais positifs.</li>
</ul>

<p>En conclusion,<strong>LightGBM se révèle être la meilleure solution pour cette tâche spécifique</strong>, en raison de ses performances exceptionnelles et de sa capacité à traiter efficacement de grands ensembles de données tabulaires tout en s’adaptant à des données déséquilibrées. Cette exploration souligne l’importance d’essayer plusieurs approches pour trouver la solution la mieux adaptée aux spécificités des données et du problème à résoudre.</p>

<hr />
<h2 id="étape-7--évaluation-des-modèles">Étape 7 : Évaluation des modèles</h2>

<p>Dans cette section, nous avons évalué cinq modèles sur l’ensemble de données de la saison régulière et eliminatoire 2019/20. Les modèles évalués incluent :</p>

<ol>
  <li><strong>Distance Model</strong></li>
  <li><strong>Angle Model</strong></li>
  <li><strong>Combined Model</strong></li>
  <li><strong>XGBoost (meilleur modèle de la Partie 5.2)</strong></li>
  <li><strong>LightGBM (meilleur modèle global de la Partie 6)</strong></li>
</ol>

<p>Nous avons généré quatre figures pour chaque modèle :</p>
<ul>
  <li><strong>Courbes ROC/AUC</strong> : Évaluent la capacité des modèles à différencier les classes.</li>
  <li><strong>Taux de buts vs centile de probabilité</strong> : Indiquent la proportion de buts pour chaque centile de prédiction.</li>
  <li><strong>Proportion cumulée de buts</strong> : Mesurent la capacité des modèles à capturer les événements les plus importants (buts).</li>
  <li><strong>Courbes de fiabilité</strong> : Vérifient si les probabilités prédites correspondent aux fréquences observées.</li>
</ul>

<h3 id="résultats-pour-la-saison-régulière-201920-">Résultats pour la saison régulière 2019/20 :</h3>

<table>
  <thead>
    <tr>
      <th>Modèle</th>
      <th>AUC</th>
    </tr>
  </thead>
  <tbody>
    <tr>
      <td>Distance Model</td>
      <td>0.682</td>
    </tr>
    <tr>
      <td>Angle Model</td>
      <td>0.511</td>
    </tr>
    <tr>
      <td>Combined Model</td>
      <td>0.682</td>
    </tr>
    <tr>
      <td>XGBoost</td>
      <td>0.668</td>
    </tr>
    <tr>
      <td>LightGBM</td>
      <td>0.475</td>
    </tr>
  </tbody>
</table>

<p>Les courbes ci-dessous montrent les performances de chaque modèle.</p>

<hr />

<h3 id="distance-model">Distance Model</h3>
<h4 id="courbes-rocauc">Courbes ROC/AUC</h4>
<p><img src="images/roc_distance_model_Regular_Season.png" alt="ROC Distance Model" /></p>

<h4 id="taux-de-buts-vs-centile-de-probabilité">Taux de buts vs centile de probabilité</h4>
<p><img src="images/goal_rate_distance_model_Regular_Season.png" alt="Goal Rate Distance Model" /></p>

<h4 id="proportion-cumulée-de-buts">Proportion cumulée de buts</h4>
<p><img src="images/cumulative_goals_distance_model_Regular_Season.png" alt="Cumulative Goals Distance Model" /></p>

<h4 id="courbe-de-fiabilité">Courbe de fiabilité</h4>
<p><img src="images/calibration_distance_model_Regular_Season.png" alt="Reliability Curve Distance Model" /></p>

<hr />

<h3 id="angle-model">Angle Model</h3>
<h4 id="courbes-rocauc-1">Courbes ROC/AUC</h4>
<p><img src="images/roc_angle_model_Regular_Season.png" alt="ROC Angle Model" /></p>

<h4 id="taux-de-buts-vs-centile-de-probabilité-1">Taux de buts vs centile de probabilité</h4>
<p><img src="images/goal_rate_angle_model_Regular_Season.png" alt="Goal Rate Angle Model" /></p>

<h4 id="proportion-cumulée-de-buts-1">Proportion cumulée de buts</h4>
<p><img src="images/cumulative_goals_angle_model_Regular_Season.png" alt="Cumulative Goals Angle Model" /></p>

<h4 id="courbe-de-fiabilité-1">Courbe de fiabilité</h4>
<p><img src="images/calibration_angle_model_Regular_Season.png" alt="Reliability Curve Angle Model" /></p>

<hr />

<h3 id="combined-model">Combined Model</h3>
<h4 id="courbes-rocauc-2">Courbes ROC/AUC</h4>
<p><img src="images/roc_combined_model_Regular_Season.png" alt="ROC Combined Model" /></p>

<h4 id="taux-de-buts-vs-centile-de-probabilité-2">Taux de buts vs centile de probabilité</h4>
<p><img src="images/goal_rate_combined_model_Regular_Season.png" alt="Goal Rate Combined Model" /></p>

<h4 id="proportion-cumulée-de-buts-2">Proportion cumulée de buts</h4>
<p><img src="images/cumulative_goals_combined_model_Regular_Season.png" alt="Cumulative Goals Combined Model" /></p>

<h4 id="courbe-de-fiabilité-2">Courbe de fiabilité</h4>
<p><img src="images/calibration_combined_model_Regular_Season.png" alt="Reliability Curve Combined Model" /></p>

<hr />

<h3 id="xgboost">XGBoost</h3>
<h4 id="courbes-rocauc-3">Courbes ROC/AUC</h4>
<p><img src="images/roc_XGBoost_Regular_Season.png" alt="ROC XGBoost" /></p>

<h4 id="taux-de-buts-vs-centile-de-probabilité-3">Taux de buts vs centile de probabilité</h4>
<p><img src="images/goal_rate_XGBoost_Regular_Season.png" alt="Goal Rate XGBoost" /></p>

<h4 id="proportion-cumulée-de-buts-3">Proportion cumulée de buts</h4>
<p><img src="images/cumulative_goals_XGBoost_Regular_Season.png" alt="Cumulative Goals XGBoost" /></p>

<h4 id="courbe-de-fiabilité-3">Courbe de fiabilité</h4>
<p><img src="images/calibration_XGBoost_Regular_Season.png" alt="Reliability Curve XGBoost" /></p>

<hr />

<h3 id="lightgbm">LightGBM</h3>
<h4 id="courbes-rocauc-4">Courbes ROC/AUC</h4>
<p><img src="images/roc_LightGBM_Regular_Season.png" alt="ROC LightGBM" /></p>

<h4 id="taux-de-buts-vs-centile-de-probabilité-4">Taux de buts vs centile de probabilité</h4>
<p><img src="images/goal_rate_LightGBM_Regular_Season.png" alt="Goal Rate LightGBM" /></p>

<h4 id="proportion-cumulée-de-buts-4">Proportion cumulée de buts</h4>
<p><img src="images/cumulative_goals_LightGBM_Regular_Season.png" alt="Cumulative Goals LightGBM" /></p>

<h4 id="courbe-de-fiabilité-4">Courbe de fiabilité</h4>
<p><img src="images/calibration_LightGBM_Regular_Season.png" alt="Reliability Curve LightGBM" /></p>

<hr />

<h2 id="discussion-des-résultats-pour-la-saison-régulière-">Discussion des résultats pour la saison régulière :</h2>

<ol>
  <li><strong>Performance globale</strong> :
    <ul>
      <li>Les modèles basés sur la distance et le modèle combiné obtiennent des AUC similaires (0.682), indiquant que l’ajout de l’angle n’offre pas une meilleure performance.</li>
      <li>Le modèle basé sur l’angle, avec une AUC de 0.511, fonctionne mal. Cela suggère que l’angle seul n’est pas suffisant pour prédire efficacement les buts.</li>
      <li>Le modèle XGBoost, avec une AUC de 0.668, est légèrement inférieur au modèle combiné mais reste compétitif.</li>
      <li>LightGBM, avec une AUC de 0.475, montre des performances inférieures, indiquant peut-être un surajustement ou des limitations dans l’ensemble de test.</li>
    </ul>
  </li>
  <li><strong>Généralisation</strong> :
    <ul>
      <li>Les modèles fonctionnent légèrement moins bien sur l’ensemble de test que sur l’ensemble de validation utilisé lors de leur construction. Cela est attendu et reflète un certain degré de surajustement.</li>
      <li>Le modèle XGBoost présente une généralisation raisonnable, tandis que LightGBM semble moins performant que prévu.</li>
    </ul>
  </li>
</ol>

<hr />

<h3 id="évaluation-des-modèles-pour-les-séries-éliminatoires-201920">Évaluation des modèles pour les séries éliminatoires 2019/20</h3>

<p>Nous avons également évalué les mêmes cinq modèles sur l’ensemble de données des séries éliminatoires 2019/20. Les résultats sont similaires, mais certaines différences méritent d’être soulignées.</p>

<p>Le modèle <strong>XGBoost</strong> n’a pas été inclus dans cette analyse en raison d’une erreur rencontrée lors du test sur l’ensemble de données des séries éliminatoires.</p>

<h3 id="résultats-pour-les-séries-éliminatoires-201920-">Résultats pour les séries éliminatoires 2019/20 :</h3>

<table>
  <thead>
    <tr>
      <th>Modèle</th>
      <th>AUC</th>
    </tr>
  </thead>
  <tbody>
    <tr>
      <td>Distance Model</td>
      <td>0.655</td>
    </tr>
    <tr>
      <td>Angle Model</td>
      <td>0.507</td>
    </tr>
    <tr>
      <td>Combined Model</td>
      <td>0.655</td>
    </tr>
    <tr>
      <td>LightGBM</td>
      <td>0.493</td>
    </tr>
  </tbody>
</table>

<p>Les courbes ci-dessous montrent les performances des modèles évalués.</p>

<hr />

<h3 id="distance-model-1">Distance Model</h3>
<h4 id="courbes-rocauc-5">Courbes ROC/AUC</h4>
<p><img src="images/roc_distance_model_Playoffs.png" alt="ROC Distance Model" /></p>

<h4 id="taux-de-buts-vs-centile-de-probabilité-5">Taux de buts vs centile de probabilité</h4>
<p><img src="images/goal_rate_distance_model_Playoffs.png" alt="Goal Rate Distance Model" /></p>

<h4 id="proportion-cumulée-de-buts-5">Proportion cumulée de buts</h4>
<p><img src="images/cumulative_goals_distance_model_Playoffs.png" alt="Cumulative Goals Distance Model" /></p>

<h4 id="courbe-de-fiabilité-5">Courbe de fiabilité</h4>
<p><img src="images/calibration_distance_model_Playoffs.png" alt="Reliability Curve Distance Model" /></p>

<hr />

<h3 id="angle-model-1">Angle Model</h3>
<h4 id="courbes-rocauc-6">Courbes ROC/AUC</h4>
<p><img src="images/roc_angle_model_Playoffs.png" alt="ROC Angle Model" /></p>

<h4 id="taux-de-buts-vs-centile-de-probabilité-6">Taux de buts vs centile de probabilité</h4>
<p><img src="images/goal_rate_angle_model_Playoffs.png" alt="Goal Rate Angle Model" /></p>

<h4 id="proportion-cumulée-de-buts-6">Proportion cumulée de buts</h4>
<p><img src="images/cumulative_goals_angle_model_Playoffs.png" alt="Cumulative Goals Angle Model" /></p>

<h4 id="courbe-de-fiabilité-6">Courbe de fiabilité</h4>
<p><img src="images/calibration_angle_model_Playoffs.png" alt="Reliability Curve Angle Model" /></p>

<hr />

<h3 id="combined-model-1">Combined Model</h3>
<h4 id="courbes-rocauc-7">Courbes ROC/AUC</h4>
<p><img src="images/roc_combined_model_Playoffs.png" alt="ROC Combined Model" /></p>

<h4 id="taux-de-buts-vs-centile-de-probabilité-7">Taux de buts vs centile de probabilité</h4>
<p><img src="images/goal_rate_combined_model_Playoffs.png" alt="Goal Rate Combined Model" /></p>

<h4 id="proportion-cumulée-de-buts-7">Proportion cumulée de buts</h4>
<p><img src="images/cumulative_goals_combined_model_Playoffs.png" alt="Cumulative Goals Combined Model" /></p>

<h4 id="courbe-de-fiabilité-7">Courbe de fiabilité</h4>
<p><img src="images/calibration_combined_model_Playoffs.png" alt="Reliability Curve Combined Model" /></p>

<hr />

<h3 id="lightgbm-1">LightGBM</h3>
<h4 id="courbes-rocauc-8">Courbes ROC/AUC</h4>
<p><img src="images/roc_LightGBM_Playoffs.png" alt="ROC LightGBM" /></p>

<h4 id="taux-de-buts-vs-centile-de-probabilité-8">Taux de buts vs centile de probabilité</h4>
<p><img src="images/goal_rate_LightGBM_Playoffs.png" alt="Goal Rate LightGBM" /></p>

<h4 id="proportion-cumulée-de-buts-8">Proportion cumulée de buts</h4>
<p><img src="images/cumulative_goals_LightGBM_Playoffs.png" alt="Cumulative Goals LightGBM" /></p>

<h4 id="courbe-de-fiabilité-8">Courbe de fiabilité</h4>
<p><img src="images/calibration_LightGBM_Playoffs.png" alt="Reliability Curve LightGBM" /></p>

<hr />

<h2 id="discussion-des-résultats-pour-les-séries-éliminatoires-">Discussion des résultats pour les séries éliminatoires :</h2>

<ol>
  <li><strong>Performance globale</strong> :
    <ul>
      <li>Les modèles basés sur la distance et le modèle combiné obtiennent des AUC similaires (0.655), ce qui montre une performance stable par rapport à la saison régulière.</li>
      <li>Le modèle basé sur l’angle, avec une AUC de 0.507, reste moins performant, confirmant que l’angle seul est une variable moins pertinente.</li>
      <li>Le modèle LightGBM, avec une AUC de 0.493, montre des performances faibles similaires à celles de la saison régulière.</li>
    </ul>
  </li>
  <li><strong>Exclusion de XGBoost</strong> :
    <ul>
      <li>Le modèle XGBoost n’a pas été inclus dans cette analyse en raison d’une erreur rencontrée lors du test. Cela souligne l’importance d’un bon traitement des données d’entrée et d’une évaluation robuste.</li>
    </ul>
  </li>
  <li><strong>Comparaison avec la saison régulière</strong> :
    <ul>
      <li>Les performances globales des modèles montrent une certaine stabilité, bien que l’ensemble de séries éliminatoires soit généralement plus difficile à modéliser en raison de ses spécificités.</li>
    </ul>
  </li>
</ol>]]></content><author><name>Equipe 10</name></author><category term="Milestones" /><summary type="html"><![CDATA[Dans ce blog, nous explorons différentes méthodes de modélisation pour prédire les buts au hockey à partir de données de tirs. L’objectif est d’identifier les modèles les plus performants et de comprendre les caractéristiques les plus influentes dans ce processus. Nous suivons une approche méthodique en commençant par des modèles simples et en ajoutant progressivement des caractéristiques et des techniques avancées, comme l’optimisation des hyperparamètres et la sélection de caractéristiques.]]></summary></entry><entry><title type="html">Milestone 1</title><link href="http://localhost:4000/milestones/2024/10/09/Milestone-1.html" rel="alternate" type="text/html" title="Milestone 1" /><published>2024-10-09T19:18:08-04:00</published><updated>2024-10-09T19:18:08-04:00</updated><id>http://localhost:4000/milestones/2024/10/09/Milestone-1</id><content type="html" xml:base="http://localhost:4000/milestones/2024/10/09/Milestone-1.html"><![CDATA[<p>Ici se trouve nos réponses et visuels correspondant au Milestone 1.</p>

<h1 id="question-1--téléchargement-des-données-de-la-nhl-en-play-by--play">Question 1 : Téléchargement des données de la NHL en Play-by- Play</h1>

<h2 id="téléchargement-des-données-play-by-play-de-la-nhl">Téléchargement des données Play-by-Play de la NHL</h2>
<p>Ce guide vous montrera comment utiliser notre fonction pour télécharger et sauvegarder les données de jeux de la NHL par saison. Nous allons nous concentrer sur les données “play-by-play”, ce qui vous permettra d’analyser chaque événement qui se produit pendant un match de hockey.</p>

<h4 id="fonctionnalités">Fonctionnalités</h4>
<p>Notre script se compose de plusieurs fonctions :</p>

<ul>
  <li>get_data(year_list) : Cette fonction récupère et sauvegarde les données de la saison NHL pour une plage d’années donnée.</li>
  <li>request(url, game_id) : Envoie une requête à l’API de la NHL pour obtenir les données play-by-play d’un jeu spécifique.</li>
  <li>save_game_data(file_name, data) : Enregistre les données de jeu récupérées dans un fichier JSON.</li>
  <li>load_data(year_list) : Charge les données de jeu de la NHL pour les années spécifiées.</li>
</ul>

<p>Installation des prérequis :<br />
Avant de commencer, assurez-vous d’avoir installé la bibliothèque requests, qui est utilisée pour effectuer des appels d’API.</p>

<p>Comment utiliser les fonctions :
Étape 1 : Télécharger les données
Vous devez d’abord appeler la fonction get_data avec une liste d’années pour lesquelles vous souhaitez récupérer les données.<br />
Voici un exemple de comment faire cela :</p>

<h4 id="importation-des-bibliothèques-nécessaires">Importation des bibliothèques nécessaires</h4>
<p>import os</p>

<h4 id="créer-un-dossier-pour-stocker-les-données-si-ce-nest-pas-déjà-fait">Créer un dossier pour stocker les données si ce n’est pas déjà fait</h4>
<p>if not os.path.exists(“Data”):
    os.makedirs(“Data”)</p>

<h4 id="spécifiez-la-plage-dannées-que-vous-souhaitez-récupérer">Spécifiez la plage d’années que vous souhaitez récupérer</h4>
<p>year_range = [2020, 2021]  # Par exemple, pour les saisons 2020 et 2021</p>

<h4 id="téléchargez-les-données">Téléchargez les données</h4>
<p>get_data(year_range)
Cette fonction va :</p>

<p>Boucler sur chaque année spécifiée.
Récupérer les données pour chaque match, à la fois pour la saison régulière et les playoffs.
Sauvegarder chaque jeu dans un fichier JSON unique sous le dossier Data.</p>

<p>Étape 2 : Charger les données
Après avoir téléchargé les données, vous pouvez les charger en utilisant la fonction load_data. Voici comment procéder :</p>

<h4 id="chargement-des-données">Chargement des données</h4>
<p>loaded_data = load_data(year_range)</p>

<h4 id="affichage-des-données-chargées">Affichage des données chargées</h4>
<p>for year, games in loaded_data.items():
    print(f”Year: {year}, Number of games loaded: {len(games)}”)
Cette fonction va lire tous les fichiers JSON pour chaque année dans la plage spécifiée et charger les données dans une structure de données Python pour une utilisation ultérieure.</p>

<h1 id="question-2--implémentation-dun-widget-de-débogage">Question 2 : Implémentation d’un widget de débogage</h1>

<p>Nous avons développé un outil (widget) de débogage, afin d’aller voir de manière plus précise et ciblée certaines données.
L’outil permet de sélectionner une année, un type de match, puis de parcourir différents événements sur une carte de la patinoire pour voir où et quand ils se sont produits. Il fournit également des détails supplémentaires sur le match, comme les statistiques de tirs au but et les informations sur les prolongations
<img src="images\wigdet.png" alt="Graphe du ratio entre type de tir et nombre de buts" /></p>

<h1 id="question-3--nettoyage-des-données">Question 3 : Nettoyage des données</h1>

<p>A cette étape, nous avons nettoyé les données. Pour ce faire, nous avons décider de garder uniquement les évènements concernant notre objectif, c’est à dire les “goals” et les “shots on goal”.
Nous avons donc passé nos données en dataframe afin de les rendre plus propres et aisément lisibles.
<img src="images\df-head.png" alt="Extrait du dataframe" /></p>

<h3 id="champ-de-force">Champ de force</h3>
<p>Vu le changement de l’API, on a plus accès à l’ancienne structure qui proposait un aperçu détaillé sur les pénalités. Avec le nouvel API, le ‘situation code’ vient combler la place de l’ancienne structure. Celui-ci est représenté par un nombre de 4 chiffres. Les 2 extrémités de ce chiffre représentent les gardiens, et les 2 chiffres au milieu représente le nombre de joueurs de l’équipe extérieure et celui de l’équipe à domicile respectivement.</p>

<p>Si ce n’était pas le cas, on aurait pu ajouter 2 colonnes à notre DataFrame. Chaque équipe indiquera le nombre de joueurs par équipe. Au début de chaque match, le nombre sera initialisé à 5 joueurs par équipe. Ensuite, l’ancien API devrait donc mentionner le moment exact de la pénalité avec le type de pénalité, voire est ce qu’il s’agit d’une pénalité mineure (2 minute off pour le joueur concerné) ou majeure (5 minutes off pour le joueur concerné). Ayant cette information, on pourrait modifier le nombre de joueurs de l’équipe concernée à partir de ce moment.</p>

<p>Pour une pénalité majeure, le joueur ne pourrait en aucun cas revenir au terrain avant que les 5 minutes s’écoulent complètement. Le nombre de joueur reviendra donc à 5 suite à l’écoulement du temps de la pénalité. Cependant, pour les pénalités mineures, qui dure 2 minutes, le joueur peut revenir au match soit à la suite de l’écoulement de la durée de la pénalité ou par suite d’un but dans l’intervalle des 2 minutes. On devrait donc prendre en considération à la fois le temps écoulé ainsi que les évènements du Tir, voire s’il s’agit d’un but ou non.</p>

<p>Par cette logique, les informations sur la force réelle pourront être ajoutées au DataFrame pour chaque événement de tir ou de but, afin de quantifier l’avantage numérique et ses effets, notamment en matière de tirs et de buts.</p>

<h3 id="suggestion-de-données-supplémentaires">Suggestion de données supplémentaires</h3>
<p>Des données supplémentaires pourraient être intégrées au DataFrame afin de nous offrir une analyse plus approfondie des événements:</p>

<p><strong>Nombre de pénalités</strong> : Nous pourrions également ajouter une colonne qui compterait le nombre de pénalités attribuées à chaque équipe.
Cette donnée pourrait offrir un aperçu de la stratégie adoptée par les équipes et les joueurs, notamment dans le cadre de contrer le désavantage numérique.</p>

<p><strong>Rebonds</strong> : Une autre variable pourrait être conçue pour repérer les tirs sur rebond.
Cette caractéristique serait établie en cherchant les tirs consécutifs, effectués par la même équipe, dans un intervalle de quelque courte seconde suite a un arrêt du gardien de l’équipe adverse. Ces situations de rebond, souvent associées à des occasions de marquer élevées, fourniraient des informations précieuses pour l’analyse.</p>

<p><strong>Tirs en contre-attaque</strong> : Il serait possible de développer une variable pour identifier les tirs effectués lors de contre-attaques.
Pour y parvenir, il suffirait d’examiner les tirs réalisés peu de temps après que l’équipe a récupéré la possession du palet à la suite d’une action défensive réussie. Les tirs se produisant juste quelque seconde à la suite de la reprise du palet, voire après une transition défensive rapide pourraient ainsi être considérés comme des tirs en contre-attaque.</p>

<h1 id="question-4--visualisation-à-laide-de-graphes">Question 4 : Visualisation à l’aide de graphes</h1>

<p>Maintenant que nous avons des données propres, nettoyées et facilement accessibles, nous pouvons les utliser afin de visualiser certaines informations.</p>

<h3 id="les-différentes-types-de-tirs">Les différentes types de tirs</h3>
<p>Nous voulons pour commencer déterminer quels sont les types de tir les plus dangereux en NHL. Pour ce faire, nous allons déterminer le ratio entre les buts et le nombres de tirs tentés, et en faire un graphe.
Afin d’avoir une visualisation simple et lisible, nous avons décidé de partir sur des histogrammes. Ces histogrammes montrent aisément les rapports but/tir pour chaque type de tir.    <br />
<img src="images\graphe-type-tir.png" alt="Graphe du ratio entre type de tir et nombre de buts" /></p>

<p>Le type de tir le plus utilisé sur la saison 2020-2021 est le wrist shot (tir du poignet). Il domine avec plus de 30 000 tirs. Il est privilégié par les joueurs en raison de sa rapidité et précision, même dans des situations serrées. Les snap shots et slap shots sont également courants mais moins utilisés.<br />
Bien que le wrist shot soit le plus utilisé, certains tirs moins fréquents comme le backhand et le snap shot montrent une efficacité supérieure (meilleur ratio but/tir). Ces tirs surprennent souvent le gardien en raison de leur exécution rapide ou d’angles inattendus.<br />
Ce graphique montre qu’une stratégie offensive efficace nécessite une combinaison de différents types de tirs. L’utilisation de barres superposées permet de comparer clairement la fréquence et l’efficacité de chaque type de tir.</p>

<h3 id="relation-entre-distance-et-chance-de-but">Relation entre distance et chance de but</h3>
<p>Ensuite, nous avons, pour chaque saison entre 2018-2019 et 2020-2021, généré des graphes nous permettant de visualiser entre la distance du tir et la probabilité qu’il s’agisse d’un but.
Pour trouver la distance du tir, nous sommes partis sur un calcul de la distance euclidienne, à partir des coordonnées x et y. Ce calcul nous permet, connaissant la position du centre du but, de calculer la distance entre ce dernier et l’origine du tir.
Malgré tout, nous avons trouvé quelques données qui posent question, puisqu’à un certain moment, plus les tirs s’éloignent, plus le rapport but/tir augmente, ce qui est contre intuitif. Celà est dû à des valeurs aberrantes, du fait d’avoir des positions lointaines où très peu de tirs ont été tentés, avec une grande réussite.</p>

<p>Les premiers graphes représentent, pour chaque année, le ratio but  /tir pour chaque distance. Pour le second graphe, afin d’avoir plus de clarté et moins de valeurs aberrantes, nous avons considérés des pas de 5 feet.
Ces graphes sont plus clairs et indiquent une évolution plus facilement interprétable.</p>

<h4 id="saison-2018-2019"><strong>Saison 2018-2019</strong></h4>
<p><img src="images\distance-2018-1.png" alt="Graphe du ratio entre distance de tir et nombre de buts pour la saison 2018" />
<img src="images\distance-2018-2.png" alt="Graphe du ratio entre distance de tir et nombre de buts pour la saison 2018" /></p>

<h4 id="saison-2019-2020"><strong>Saison 2019-2020</strong></h4>
<p><img src="images\distance-2019-1.png" alt="Graphe du ratio entre distance de tir et nombre de buts pour la saison 2019" />
<img src="images\distance-2019-2.png" alt="Graphe du ratio entre distance de tir et nombre de buts pour la saison 2019" /></p>

<h4 id="saison-2020-2021"><strong>Saison 2020-2021</strong></h4>
<p><img src="images\distance-2020-1.png" alt="Graphe du ratio entre distance de tir et nombre de buts pour la saison 2020" />
<img src="images\distance-2020-2.png" alt="Graphe du ratio entre distance de tir et nombre de buts pour la saison 2020" /></p>

<p><strong>Relation entre la Distance et la Probabilité de But (de 2018 à 2020) :</strong>
A courte distance (&lt;10 pieds), on observe une forte probabilité de but, surtout avec des tirs rapides comme le tip-in ou des déviations. Ces tirs laissent peu de temps au gardien pour réagir.<br />
A distance moyenne (10-40 pieds), la probabilité de but diminue régulièrement à mesure que la distance augmente, bien que certains tirs à mi-distance restent dangereux.<br />
A longue distance (&gt;40 pieds), les tirs ont une faible probabilité de succès. Ils sont souvent utilisés pour créer des rebonds ou provoquer des erreurs défensives.</p>

<p><strong>Comparaison entre les saisons :</strong><br />
Les résultats sont cohérents sur les trois saisons (2018-2020), montrant une tendance stable. La probabilité de but est systématiquement plus élevée à proximité du filet, avec peu de variations d’une saison à l’autre.<br />
Les graphiques en points permettent de visualiser chaque tir individuellement, tandis que les graphiques en ligne offrent une vue plus lissée de la tendance générale. Ces deux types de visualisations révèlent clairement que plus un tir est proche du but, plus il a de chances de réussir.</p>

<h3 id="mise-en-corélation-du-nombre-de-but-par-rapport-à-la-distance-pour-chaque-type-de-tir">Mise en corélation du nombre de but par rapport à la distance pour chaque type de tir</h3>
<p>Pour mettre en relation le type de tir et la distance de tir, nous avons hésité entre deux types de visualisation : une heatmap ou une superposition de courbes.
Chacune a ses avantages, la heatmap est certes plus “propre”, mais plus compliqué à lire et comprendre. A l’inverse, les courbes apparraissent certes plus brouillonnes, mais sont facilment compréhensibles.
Au final, nous avons décider que pour faciliter la visualisation, nous allions partir sur une heatmap, qui permet d’identifier très rapidement quels tirs sont les plus dangereux.<br />
<img src="images\heatmap-q4.png" alt="Graphe du ratio entre distance de tir et nombre de buts pour chaque type de tir" /></p>

<p><strong>Pourcentage de Buts par Distance et Type de Tir – Saison 2020</strong></p>

<p>Les tirs en déviations et backhands sont particulièrement efficaces à courte distance, surtout grâce à leur capacité à surprendre le gardien.<br />
Les slap shots et tirs lointains sont moins efficaces à distance. Ils sont souvent utilisés pour générer des rebonds ou du trafic devant le but. Les slap shots, bien que puissants, montrent une faible probabilité de but à longue portée.<br />
Les tip-ins et wrap-arounds sont performants à proximité du filet, confirmant l’importance de bien se positionner près du but.</p>

<p>Cette heatmap permet de visualiser l’influence combinée de la distance et du type de tir sur la probabilité de marquer. Les résultats confirment que les tirs rapprochés et imprévisibles sont les plus efficaces, tandis que les tirs à longue distance ont un rôle plus stratégique (générer des rebonds ou du trafic).</p>

<h1 id="question-5--visualisation-avancée---plan-de-tirs-pour-une-équipe">Question 5 : Visualisation avancée - Plan de tirs pour une équipe</h1>

<p>A présent, nous allons considérer des données pour une unique équipe, sur une unique saison. Nous allons, par rapport à la moyenne de la ligue, comparer le taux horaire de tirs pour chaque position. Nous dresserons ainsi des heatmap, afin de visualiser ces informations.</p>

<p><strong>Voici deux exemples de heatmaps d’équipe pour la saison 2016-2017 :</strong>
<img src="images\hm-senators-2016.png" alt="heatmap-senators-2016" /><br />
<img src="images\hm-rangers-2016.png" alt="heatmap-rangers-2016" /></p>

<p><strong>Voici un exemple de heatmap d’équipe pour la saison 2017-2018 :</strong>
<img src="images\hm-sharks-2017.png" alt="heatmap-sharks-2017" /></p>

<h4 id="analyse-dun-cas--lavalanche-du-colorado"><strong>Analyse d’un cas : L’Avalanche du Colorado</strong></h4>

<p>Nous allons maintenant nous pencher sur le cas d’une équpe en particulier : l’Avalanche du Colorado. En 2016-2017, cette équipe avait le pire bilan de la ligue avec 22 victoires, 4 matchs nuls pour 56 défaites en 82 matchs. C’est alors le pire bilan de la ligue, et l’équipe est dernière de sa division. En 2020-2021, lors de la cloture de la saison pour des raisons de crise sanitaire, L’Avalanche du Colorado pointait à la première place de sa division, avec un bilan de 39 victoires pour 13 défaites. Voyons donc comment cela se répercute sur les statistiques :<br />
<strong>Saison 2016-2017 :</strong></p>

<p><img src="images\hm-avalanche-2016.png" alt="heatmap-avalanche-2016" /></p>

<p>En 2016-2017, la carte de tir de l’Avalanche montre que la majorité des tirs provenaient de la périphérie, loin du filet, ce qui diminue considérablement leur dangerosité. Ces tirs de longue distance ne sont pas des menaces sérieuses pour les gardiens adverses, ce qui explique leur faible efficacité offensive. L’Avalanche a terminé cette saison au dernier rang de la ligue, avec des difficultés évidentes à créer des chances de marquer de qualité. Leur incapacité à générer des tirs depuis les zones critiques reflète leur classement désastreux.</p>

<p><strong>Saison 2020-2021 :</strong></p>

<p><img src="images\hm-avalanche-2020.png" alt="heatmap-avalanche-2020" /></p>

<p>En 2020-2021, la situation a radicalement changé, avec une concentration de tirs dans l’enclave et autour du filet, des zones à haut risque et favorables aux buts. Cette amélioration offensive s’est traduite par une domination offensive et un premier rang dans la ligue, remportant le trophée des présidents. L’équipe a su créer des occasions de marquer bien plus dangereuses, ce qui a grandement contribué à leur succès.</p>

<h4 id="comparaison-de-deux-équipes--les-sabres-de-buffalo-et-le-lightning-de-tampa-bay"><strong>Comparaison de deux équipes : Les Sabres de Buffalo et le Lightning de Tampa Bay</strong></h4>

<p>Comparons maintenant deux équipes, les Sabres de Buffalo et le Lightning de Tampa Bay.<br />
En examinant les cartes de tir à 5v5 des Sabres de Buffalo et du Lightning de Tampa Bay sur trois saisons consécutives, plusieurs tendances importantes se dégagent qui peuvent expliquer les résultats de chaque équipe.</p>

<p><strong>Lightning de Tampa Bay (2018-2021)</strong></p>

<p><img src="images\hm-lightning-2018.png" alt="heatmap-lightning-2018" /><br />
<img src="images\hm-lightning-2019.png" alt="heatmap-lightning-2019" /><br />
<img src="images\hm-lightning-2020.png" alt="heatmap-lightning-2020" /></p>

<p>Le Lightning montre une constance remarquable dans la création d’opportunités de tir dangereuses. Lors de la saison 2018-19, bien que certaines zones montrent des tirs moins efficaces, les saisons suivantes (2019-20 et 2020-21) révèlent une amélioration avec de nombreuses zones rouges dans l’enclave, proches du filet. Cette concentration de tirs à haut risque indique une attaque efficace, capable de produire des chances de marquer régulièrement dans des zones cruciales.</p>

<p><strong>Sabres de Buffalo (2018-2021)</strong></p>

<p><img src="images\hm-sabres-2018.png" alt="heatmap-sabres-2018" /><br />
<img src="images\hm-sabres-2019.png" alt="heatmap-sabres-2019" /><br />
<img src="images\hm-sabres-2020.png" alt="heatmap-sabres-2020" /></p>

<p>En revanche, les Sabres ont affiché des difficultés constantes à générer des tirs dangereux au cours de ces mêmes saisons. Les cartes montrent une prédominance de zones bleues, notamment dans l’enclave, ce qui suggère un manque d’efficacité offensive, ce qui pourrait expliquer en partie leurs résultats décevants sur cette période. Bien qu’il y ait quelques zones rouges, ces tirs ne semblent pas venir des zones les plus menaçantes, entraînant une attaque moins percutante.</p>

<p>En conclusion, ces cartes révèlent des différences marquantes dans la manière dont ces équipes créent des chances de marquer. Tandis que le Lightning maximise ses tirs dans les zones les plus dangereuses, les Sabres peinent à capitaliser sur ces mêmes zones. Cependant, ces cartes ne fournissent qu’une partie de l’explication : la défense, les gardiens et les stratégies générales contribuent également au succès ou à l’échec d’une équipe.</p>]]></content><author><name>Nom de l&apos;auteur</name></author><category term="Milestones" /><summary type="html"><![CDATA[Ici se trouve nos réponses et visuels correspondant au Milestone 1.]]></summary></entry></feed>